area,crime_rate,light_level,crowd_density,sos_count,time_risk,user_rating,feedback_text,sentiment_score,psi_score,lat,lng
Yerwada,0.72,0.25,0.72,2,0.32,3,Highly secure area,-0.75,54.5,18.5538,73.8826
Baner,0.57,0.46,0.41,3,0.34,3,Highly secure area,0.79,78.25,18.559,73.7787
Warje,0.36,0.48,0.84,6,0.15,5,Very safe route,0.01,68.35,18.4852,73.8062
Bibwewadi,0.51,0.71,0.35,3,0.64,5,Highly secure area,0.89,79.3,18.4735,73.8647
Shivajinagar,0.32,0.73,0.69,6,0.33,1,Not recommended after 9pm,0.21,71.6,18.5314,73.8446
Pashan,0.74,0.74,0.89,0,0.88,2,Not recommended after 9pm,-0.53,64.85,18.5397,73.7932
Sus,0.46,0.95,0.21,5,0.32,5,Good lighting and safe,-0.83,54.1,18.5584,73.7423
Sinhagad Road,0.35,0.74,0.19,0,0.31,5,Crime prone area,-0.73,81.85,18.46,73.81
Bhosari,0.56,0.37,0.4,6,0.24,1,Feels unsafe at night,0.63,61.8,18.6298,73.8446
Yerwada,0.22,0.44,0.37,5,0.24,3,Very safe route,0.8,83.7,18.5538,73.8826
Kothrud,0.25,0.26,0.5,2,0.55,1,Not recommended after 9pm,-0.74,66.8,18.5074,73.8077
Katraj,0.75,0.42,0.47,5,0.66,4,Feels unsafe at night,-0.68,32.6,18.4529,73.8554
Bhosari,0.9,0.12,0.55,2,0.57,2,Crime prone area,0.22,53.2,18.6298,73.8446
Karve Nagar,0.56,0.52,0.22,6,0.54,4,Good lighting and safe,-0.06,45.9,18.4912,73.8214
Camp,0.38,0.56,0.56,0,0.54,4,Crime prone area,0.9,100.0,18.5204,73.8787
Magarpatta,0.27,0.9,0.79,3,0.76,2,Highly secure area,0.4,86.4,18.5136,73.9213
Bhosari,0.58,0.11,0.89,6,0.96,4,Highly secure area,-0.75,26.9,18.6298,73.8446
Kondhwa,0.31,0.65,0.53,4,0.42,3,Crowded but manageable,-0.28,70.05,18.4731,73.8944
Deccan,0.47,0.77,0.52,0,0.45,3,Good lighting and safe,-0.67,78.9,18.5173,73.8413
Sus,0.64,0.56,0.32,5,0.17,5,Risky area,-0.1,56.1,18.5584,73.7423
Sus,0.83,0.21,0.16,2,0.79,1,Not recommended after 9pm,-0.67,35.7,18.5584,73.7423
Wakad,0.75,0.93,0.43,1,0.45,3,Crowded but manageable,0.89,87.6,18.5987,73.7656
Nigdi,0.2,0.64,0.86,0,0.48,3,Feels unsafe at night,-0.19,97.75,18.6429,73.7585
Chinchwad,0.66,0.38,0.89,0,0.55,5,Very safe route,0.69,87.55,18.6229,73.7842
Wakad,0.23,0.27,0.89,2,0.9,5,Very safe route,0.04,76.35,18.5987,73.7656
Sinhagad Road,0.55,0.19,0.14,6,0.61,4,Crime prone area,0.61,49.2,18.46,73.81
Bhosari,0.42,0.37,0.84,5,0.48,2,Comfortable route,-0.79,50.7,18.6298,73.8446
Deccan,0.75,0.28,0.7,1,0.27,1,Good lighting and safe,0.64,80.4,18.5173,73.8413
Magarpatta,0.89,0.51,0.67,2,0.2,1,Crime prone area,0.77,76.3,18.5136,73.9213
NIBM,0.45,0.53,0.56,0,0.52,2,Highly secure area,-0.77,73.6,18.48,73.89
Balewadi,0.87,0.95,0.29,4,0.39,2,Comfortable route,0.22,57.85,18.576,73.7739
Hadapsar,0.32,0.42,0.34,0,0.79,2,Highly secure area,-0.8,69.1,18.5089,73.9259
Sinhagad Road,0.19,0.13,0.5,2,0.97,3,Comfortable route,-0.64,60.35,18.46,73.81
Yerwada,0.25,0.49,0.82,6,0.87,2,Crowded but manageable,0.13,60.1,18.5538,73.8826
Aundh,0.41,0.44,0.6,1,0.29,3,Mostly safe locality,-0.02,85.1,18.558,73.8075
Akurdi,0.37,0.92,0.4,6,0.68,5,Mostly safe locality,-0.22,56.1,18.6498,73.7711
Viman Nagar,0.12,0.38,0.13,4,0.94,2,Very safe route,-0.87,50.35,18.5679,73.9143
Kondhwa,0.39,0.71,0.2,0,0.76,5,Highly secure area,0.67,91.9,18.4731,73.8944
Wakad,0.46,0.12,0.61,5,0.29,3,Highly secure area,-0.56,50.3,18.5987,73.7656
Dhayari,0.18,0.17,0.68,0,0.26,1,Comfortable route,-0.56,88.55,18.4411,73.8058
Karve Nagar,0.27,0.66,0.67,6,0.27,2,Very safe route,-0.77,58.85,18.4912,73.8214
Warje,0.18,0.19,0.74,2,0.76,1,Not recommended after 9pm,0.78,89.55,18.4852,73.8062
NIBM,0.24,0.67,0.33,2,0.21,3,Highly secure area,-0.22,86.25,18.48,73.89
Bibwewadi,0.56,0.92,0.38,6,0.31,4,Crowded but manageable,0.82,71.3,18.4735,73.8647
Chinchwad,0.19,0.53,0.44,3,0.84,5,Good lighting and safe,-0.27,68.9,18.6229,73.7842
NIBM,0.3,0.55,0.79,0,0.85,3,Feels unsafe at night,0.47,94.2,18.48,73.89
Sinhagad Road,0.77,0.26,0.94,3,0.9,3,Feels unsafe at night,0.04,50.1,18.46,73.81
Karve Nagar,0.56,0.12,0.38,6,0.32,2,Not recommended after 9pm,-0.52,39.0,18.4912,73.8214
Nigdi,0.15,0.42,0.43,6,0.38,2,Mostly safe locality,-0.66,57.1,18.6429,73.7585
Bhosari,0.21,0.89,0.55,6,0.41,5,Crime prone area,-0.73,61.3,18.6298,73.8446
Pashan,0.93,0.85,0.89,0,0.1,2,Feels unsafe at night,0.09,83.8,18.5397,73.7932
Akurdi,0.7,0.41,0.24,0,0.82,2,Feels unsafe at night,0.46,71.05,18.6498,73.7711
Aundh,0.81,0.77,0.64,5,0.64,4,Very safe route,-0.9,34.25,18.558,73.8075
Nigdi,0.23,0.58,0.32,6,0.4,2,Comfortable route,0.45,71.45,18.6429,73.7585
Pashan,0.93,0.49,0.2,0,0.37,2,Very safe route,0.1,66.25,18.5397,73.7932
Aundh,0.89,0.17,0.74,1,0.24,5,Mostly safe locality,-0.31,59.9,18.558,73.8075
Bhosari,0.24,0.46,0.62,2,0.79,3,Feels unsafe at night,-0.14,75.6,18.6298,73.8446
Kondhwa,0.74,0.76,0.55,0,0.23,5,Highly secure area,0.03,83.15,18.4731,73.8944
Katraj,0.36,0.18,0.24,4,0.31,4,Comfortable route,-0.28,60.3,18.4529,73.8554
Kothrud,0.82,0.91,0.87,0,0.73,2,Comfortable route,0.37,80.5,18.5074,73.8077
Kothrud,0.13,0.58,0.5,2,0.78,3,Crime prone area,0.04,83.5,18.5074,73.8077
Balewadi,0.5,0.41,0.68,1,0.47,5,Risky area,0.65,88.3,18.576,73.7739
Swargate,0.64,0.15,0.53,5,0.29,1,Comfortable route,-0.08,49.95,18.5018,73.8585
Chinchwad,0.21,0.51,0.11,3,0.67,4,Crime prone area,-0.03,71.5,18.6229,73.7842
NIBM,0.35,0.55,0.24,4,0.57,2,Highly secure area,0.23,68.7,18.48,73.89
Swargate,0.25,0.9,0.72,4,0.62,5,Risky area,-0.58,69.6,18.5018,73.8585
Sinhagad Road,0.42,0.5,0.78,2,0.88,2,Mostly safe locality,0.32,75.7,18.46,73.81
Sinhagad Road,0.18,0.37,0.52,4,0.38,4,Feels unsafe at night,-0.44,69.35,18.46,73.81
Dhayari,0.84,0.52,0.26,3,0.25,3,Crime prone area,-0.35,51.55,18.4411,73.8058
Magarpatta,0.37,0.34,0.8,4,0.29,2,Feels unsafe at night,0.28,76.7,18.5136,73.9213
Balewadi,0.68,0.93,0.36,3,0.11,3,Crime prone area,0.89,86.5,18.576,73.7739
Kondhwa,0.84,0.77,0.27,1,0.25,4,Not recommended after 9pm,-0.55,62.4,18.4731,73.8944
Baner,0.89,0.23,0.54,0,0.46,1,Very safe route,0.31,68.7,18.559,73.7787
Wakad,0.3,0.62,0.48,6,0.81,3,Good lighting and safe,0.47,62.95,18.5987,73.7656
Deccan,0.3,0.73,0.5,1,0.21,1,Risky area,-0.59,85.9,18.5173,73.8413
NIBM,0.41,0.81,0.59,3,1.0,2,Risky area,0.67,76.7,18.48,73.89
Hadapsar,0.79,0.54,0.4,6,0.19,5,Crowded but manageable,0.7,57.2,18.5089,73.9259
Bhosari,0.79,0.79,0.91,4,0.98,2,Feels unsafe at night,0.11,51.4,18.6298,73.8446
Katraj,0.79,0.28,0.69,0,0.32,3,Feels unsafe at night,-0.43,66.65,18.4529,73.8554
Aundh,0.11,0.51,0.87,5,0.57,5,Highly secure area,0.63,85.0,18.558,73.8075
Aundh,0.6,0.61,0.15,2,0.16,5,Mostly safe locality,0.24,77.05,18.558,73.8075
Kondhwa,0.41,0.87,0.35,1,0.76,5,Highly secure area,-0.55,71.7,18.4731,73.8944
Shivajinagar,0.67,0.52,0.29,4,0.38,3,Feels unsafe at night,0.8,68.3,18.5314,73.8446
Bibwewadi,0.39,0.39,0.42,1,0.31,1,Comfortable route,-0.4,77.25,18.4735,73.8647
Warje,0.75,0.79,0.2,2,0.5,3,Risky area,-0.54,55.75,18.4852,73.8062
Magarpatta,0.85,0.2,0.6,2,0.35,2,Feels unsafe at night,0.05,58.75,18.5136,73.9213
Sinhagad Road,0.48,0.62,0.29,2,0.65,1,Good lighting and safe,-0.22,66.7,18.46,73.81
Yerwada,0.82,0.18,0.19,1,0.38,3,Crowded but manageable,0.85,71.95,18.5538,73.8826
Viman Nagar,0.22,0.75,0.1,1,0.92,2,Very safe route,-0.41,73.9,18.5679,73.9143
Camp,0.77,0.73,0.33,4,0.75,1,Crowded but manageable,-0.49,41.1,18.5204,73.8787
Hadapsar,0.29,0.17,0.74,1,0.46,1,Very safe route,0.85,96.9,18.5089,73.9259
Deccan,0.83,0.25,0.31,1,0.52,3,Mostly safe locality,-0.34,53.15,18.5173,73.8413
Viman Nagar,0.67,0.64,0.59,1,0.54,2,Mostly safe locality,-0.38,67.2,18.5679,73.9143
Balewadi,0.68,0.77,0.81,1,0.44,5,Highly secure area,0.38,84.35,18.576,73.7739
Kondhwa,0.63,0.17,0.45,5,0.23,1,Risky area,-0.02,51.95,18.4731,73.8944
Warje,0.58,0.42,0.85,5,0.37,5,Feels unsafe at night,-0.74,48.1,18.4852,73.8062
Sus,0.72,0.72,0.51,6,0.21,1,Highly secure area,0.6,61.9,18.5584,73.7423
Wakad,0.63,0.41,0.82,2,0.59,5,Crowded but manageable,0.55,75.6,18.5987,73.7656
Shivajinagar,0.65,0.45,0.28,5,0.68,3,Risky area,0.34,50.05,18.5314,73.8446
Baner,0.8,0.81,0.53,0,0.76,5,Risky area,0.51,77.9,18.559,73.7787
Dhayari,0.6,0.46,0.44,4,0.2,3,Crime prone area,-0.26,59.4,18.4411,73.8058
NIBM,0.57,0.71,0.9,6,0.64,2,Mostly safe locality,-0.52,46.25,18.48,73.89
Bhosari,0.83,0.21,0.91,5,0.99,2,Mostly safe locality,0.2,37.25,18.6298,73.8446
Akurdi,0.68,0.14,0.69,5,0.14,2,Highly secure area,-0.06,53.1,18.6498,73.7711
Shivajinagar,0.34,0.41,0.29,5,0.72,1,Highly secure area,0.49,63.4,18.5314,73.8446
Pimpri,0.56,0.45,0.32,6,0.77,1,Mostly safe locality,-0.65,32.4,18.6262,73.8118
Katraj,0.84,0.66,0.62,0,0.85,4,Crime prone area,-0.76,54.1,18.4529,73.8554
Hinjewadi,0.65,0.84,0.58,1,0.45,3,Mostly safe locality,0.14,80.5,18.5913,73.7389
Hinjewadi,0.33,0.43,0.76,2,0.95,2,Very safe route,-0.43,65.4,18.5913,73.7389
Aundh,0.32,0.32,0.21,5,0.99,3,Crowded but manageable,0.19,52.15,18.558,73.8075
NIBM,0.13,0.68,0.72,4,0.26,5,Risky area,0.39,92.85,18.48,73.89
Kharadi,0.33,0.74,0.84,4,0.12,1,Highly secure area,-0.14,81.8,18.5515,73.9348
Pimpri,0.14,0.34,0.23,0,0.35,4,Risky area,-0.48,87.6,18.6262,73.8118
Kharadi,0.12,0.43,0.3,5,0.43,3,Highly secure area,-0.12,69.25,18.5515,73.9348
Karve Nagar,0.17,0.21,0.76,1,0.54,3,Crowded but manageable,-0.14,86.05,18.4912,73.8214
Hadapsar,0.5,0.13,0.49,1,0.83,4,Comfortable route,-0.1,63.75,18.5089,73.9259
Wakad,0.8,0.75,0.82,4,0.54,4,Feels unsafe at night,-0.04,56.05,18.5987,73.7656
Pimpri,0.42,0.33,0.43,0,0.26,4,Comfortable route,-0.12,85.45,18.6262,73.8118
Kothrud,0.65,0.8,0.68,6,0.2,5,Very safe route,-0.78,47.1,18.5074,73.8077
Kondhwa,0.93,0.35,0.41,2,0.92,5,Risky area,-0.74,32.65,18.4731,73.8944
Sinhagad Road,0.38,0.91,0.22,6,0.18,2,Feels unsafe at night,-0.62,57.75,18.46,73.81
Hinjewadi,0.86,0.68,0.68,4,0.5,5,Very safe route,-0.45,45.85,18.5913,73.7389
Akurdi,0.18,0.19,0.47,4,0.38,2,Crime prone area,0.84,85.35,18.6498,73.7711
Bibwewadi,0.5,0.89,0.79,6,0.35,1,Very safe route,0.53,72.2,18.4735,73.8647
Hadapsar,0.26,0.58,0.42,2,0.34,4,Comfortable route,0.61,94.85,18.5089,73.9259
Sus,0.67,0.74,0.57,4,0.4,3,Good lighting and safe,-0.11,60.35,18.5584,73.7423
Dhayari,0.49,0.35,0.32,4,0.42,2,Crowded but manageable,-0.34,55.35,18.4411,73.8058
Nigdi,0.5,0.16,0.94,1,0.89,5,Good lighting and safe,0.88,82.2,18.6429,73.7585
Akurdi,0.36,0.17,0.93,4,0.42,5,Crime prone area,0.53,77.0,18.6498,73.7711
Chinchwad,0.14,0.27,0.56,4,0.12,4,Mostly safe locality,0.37,87.2,18.6229,73.7842
Kothrud,0.52,0.85,0.66,5,0.1,3,Crime prone area,0.36,76.95,18.5074,73.8077
Hinjewadi,0.21,0.45,0.8,0,0.56,2,Not recommended after 9pm,0.53,100.0,18.5913,73.7389
Pimpri,0.79,0.16,0.29,0,0.45,5,Not recommended after 9pm,-0.48,57.5,18.6262,73.8118
NIBM,0.88,0.48,0.3,3,0.91,3,Risky area,-0.37,36.25,18.48,73.89
Warje,0.6,0.45,0.54,3,0.5,5,Very safe route,-0.74,52.05,18.4852,73.8062
Bibwewadi,0.9,0.73,0.88,6,0.41,2,Comfortable route,0.4,51.55,18.4735,73.8647
Yerwada,0.3,0.76,0.81,6,0.47,3,Highly secure area,-0.0,68.1,18.5538,73.8826
Balewadi,0.49,0.16,0.37,5,0.52,1,Very safe route,-0.84,38.5,18.576,73.7739
NIBM,0.31,0.8,0.49,5,0.58,1,Crime prone area,0.15,70.15,18.48,73.89
Bhosari,0.93,0.9,0.62,4,0.7,4,Crime prone area,-0.6,39.5,18.6298,73.8446
Bhosari,0.45,0.77,0.45,5,0.92,3,Highly secure area,0.75,65.9,18.6298,73.8446
Pashan,0.84,0.45,0.22,5,0.68,1,Mostly safe locality,0.39,42.6,18.5397,73.7932
Nigdi,0.69,0.75,0.33,4,0.75,1,Risky area,-0.62,42.65,18.6429,73.7585
NIBM,0.33,0.58,0.53,2,0.53,3,Highly secure area,0.17,82.75,18.48,73.89
Dhayari,0.62,0.13,0.62,5,0.17,2,Highly secure area,-0.19,52.1,18.4411,73.8058
Chinchwad,0.35,0.83,0.68,1,0.15,1,Risky area,-0.38,91.55,18.6229,73.7842
Magarpatta,0.48,0.23,0.3,0,0.59,2,Mostly safe locality,-0.07,74.4,18.5136,73.9213
Pimpri,0.91,0.27,0.8,6,0.15,4,Mostly safe locality,0.82,54.95,18.6262,73.8118
Balewadi,0.48,0.53,0.17,1,0.74,4,Comfortable route,0.61,79.8,18.576,73.7739
Dhayari,0.2,0.54,0.84,0,0.31,3,Mostly safe locality,0.37,100.0,18.4411,73.8058
Pimpri,0.44,0.68,0.58,4,0.4,5,Not recommended after 9pm,0.71,81.05,18.6262,73.8118
Akurdi,0.22,0.68,0.19,0,0.4,3,Feels unsafe at night,0.8,100.0,18.6498,73.7711
NIBM,0.61,0.69,0.32,3,0.46,4,Good lighting and safe,-0.05,64.2,18.48,73.89
Kothrud,0.2,0.72,0.45,5,0.22,4,Risky area,0.84,90.5,18.5074,73.8077
Karve Nagar,0.63,0.42,0.57,0,0.66,4,Comfortable route,0.17,76.15,18.4912,73.8214
Camp,0.43,0.44,0.81,2,0.72,4,Not recommended after 9pm,0.2,76.1,18.5204,73.8787
Akurdi,0.58,0.71,0.53,6,0.28,5,Feels unsafe at night,-0.15,54.9,18.6498,73.7711
Hinjewadi,0.93,0.32,0.58,0,0.62,1,Risky area,-0.45,54.25,18.5913,73.7389
Yerwada,0.94,0.71,0.56,2,0.62,5,Risky area,-0.46,49.35,18.5538,73.8826
Swargate,0.76,0.24,0.79,5,0.82,3,Highly secure area,-0.61,30.55,18.5018,73.8585
Wakad,0.5,0.24,0.17,5,0.65,1,Feels unsafe at night,-0.53,39.35,18.5987,73.7656
Karve Nagar,0.22,0.49,0.38,2,0.95,4,Comfortable route,0.67,83.4,18.4912,73.8214
Shivajinagar,0.51,0.11,0.36,6,0.44,5,Crime prone area,-0.07,45.0,18.5314,73.8446
Karve Nagar,0.62,0.33,0.16,4,0.78,2,Good lighting and safe,0.12,47.95,18.4912,73.8214
Camp,0.73,0.22,0.94,0,0.79,5,Not recommended after 9pm,0.64,77.3,18.5204,73.8787
Viman Nagar,0.82,0.42,0.21,3,0.71,4,Comfortable route,-0.88,33.2,18.5679,73.9143
Yerwada,0.84,0.22,0.3,0,0.11,4,Mostly safe locality,0.43,76.95,18.5538,73.8826
Magarpatta,0.89,0.2,0.73,0,0.45,2,Comfortable route,0.5,73.2,18.5136,73.9213
Camp,0.74,0.24,0.11,6,0.21,2,Risky area,0.29,45.25,18.5204,73.8787
Hadapsar,0.36,0.28,0.85,4,0.71,3,Comfortable route,-0.48,56.9,18.5089,73.9259
Kondhwa,0.75,0.84,0.87,1,0.58,1,Crowded but manageable,0.07,75.75,18.4731,73.8944
Bhosari,0.91,0.52,0.52,4,0.17,5,Feels unsafe at night,0.43,59.65,18.6298,73.8446
Katraj,0.63,0.24,0.27,5,0.75,4,Risky area,0.38,46.8,18.4529,73.8554
Akurdi,0.79,0.28,0.49,2,0.18,5,Risky area,-0.89,50.55,18.6498,73.7711
Balewadi,0.48,0.31,0.8,2,0.84,3,Comfortable route,0.04,67.25,18.576,73.7739
Magarpatta,0.18,0.71,0.92,5,0.74,2,Risky area,0.32,77.65,18.5136,73.9213
Hinjewadi,0.8,0.15,0.93,2,0.17,3,Very safe route,0.77,77.7,18.5913,73.7389
Akurdi,0.54,0.27,0.15,5,0.97,2,Feels unsafe at night,0.2,42.55,18.6498,73.7711
NIBM,0.64,0.36,0.31,0,0.7,5,Crime prone area,-0.7,58.4,18.48,73.89
Sus,0.57,0.16,0.68,0,0.82,5,Comfortable route,-0.85,57.25,18.5584,73.7423
Hinjewadi,0.18,0.7,0.87,2,0.37,2,Risky area,-0.35,89.35,18.5913,73.7389
Kondhwa,0.81,0.19,0.64,1,0.31,4,Highly secure area,-0.88,52.45,18.4731,73.8944
Hinjewadi,0.29,0.46,0.66,2,0.95,3,Very safe route,0.43,79.35,18.5913,73.7389
Kondhwa,0.73,0.42,0.36,0,0.88,1,Feels unsafe at night,-0.72,52.3,18.4731,73.8944
Kothrud,0.38,0.76,0.54,1,0.83,4,Crime prone area,-0.14,77.9,18.5074,73.8077
Deccan,0.7,0.15,0.52,0,0.53,3,Comfortable route,-0.76,57.45,18.5173,73.8413
Bibwewadi,0.21,0.56,0.93,1,0.81,5,Not recommended after 9pm,0.2,91.1,18.4735,73.8647
Bibwewadi,0.16,0.51,0.75,5,0.46,4,Feels unsafe at night,-0.09,73.2,18.4735,73.8647
Deccan,0.94,0.91,0.33,6,0.46,4,Crime prone area,0.04,40.75,18.5173,73.8413
Hinjewadi,0.94,0.36,0.29,3,0.96,2,Comfortable route,-0.65,26.75,18.5913,73.7389
Dhayari,0.54,0.4,0.16,1,0.95,3,Risky area,0.04,62.6,18.4411,73.8058
Katraj,0.47,0.48,0.74,2,0.7,5,Mostly safe locality,0.21,74.95,18.4529,73.8554
Hinjewadi,0.72,0.55,0.62,5,0.89,3,Mostly safe locality,-0.37,37.3,18.5913,73.7389
Aundh,0.87,0.17,0.91,6,0.52,3,Risky area,-0.12,34.65,18.558,73.8075
Nigdi,0.68,0.79,0.94,2,0.35,1,Comfortable route,-0.56,68.65,18.6429,73.7585
Karve Nagar,0.79,0.76,0.64,5,0.54,4,Crime prone area,-0.47,43.35,18.4912,73.8214
Camp,0.82,0.46,0.13,4,0.17,4,Crowded but manageable,-0.49,44.65,18.5204,73.8787
Hadapsar,0.83,0.46,0.17,2,0.71,4,Risky area,-0.31,46.55,18.5089,73.9259
Bibwewadi,0.18,0.34,0.84,0,0.12,4,Crime prone area,0.42,100.0,18.4735,73.8647
Akurdi,0.42,0.69,0.27,5,0.51,3,Not recommended after 9pm,0.38,66.75,18.6498,73.7711
Kharadi,0.19,0.42,0.21,4,0.16,2,Crowded but manageable,0.52,85.4,18.5515,73.9348
Pimpri,0.95,0.69,0.27,1,0.42,3,Crime prone area,0.36,67.05,18.6262,73.8118
Pashan,0.36,0.68,0.44,4,0.65,1,Not recommended after 9pm,-0.71,56.55,18.5397,73.7932
Baner,0.72,0.62,0.21,0,0.62,5,Very safe route,-0.31,65.55,18.559,73.7787
Bibwewadi,0.17,0.41,0.75,0,0.14,2,Crowded but manageable,-0.23,100.0,18.4735,73.8647
Viman Nagar,0.18,0.66,0.73,4,0.91,1,Comfortable route,-0.46,64.9,18.5679,73.9143
Deccan,0.87,0.23,0.61,0,0.91,3,Crime prone area,-0.63,47.1,18.5173,73.8413
Aundh,0.95,0.54,0.57,4,0.11,3,Very safe route,-0.21,50.45,18.558,73.8075
Kondhwa,0.48,0.45,0.94,2,0.58,5,Highly secure area,0.18,78.05,18.4731,73.8944
Deccan,0.93,0.89,0.38,0,0.37,5,Highly secure area,0.35,77.8,18.5173,73.8413
Aundh,0.36,0.47,0.3,2,0.74,2,Comfortable route,0.13,72.8,18.558,73.8075
Sinhagad Road,0.72,0.8,0.87,2,0.64,5,Highly secure area,0.29,73.45,18.46,73.81
Pimpri,0.87,0.57,0.36,4,0.29,2,Very safe route,0.23,55.0,18.6262,73.8118
Swargate,0.63,0.79,0.27,1,0.15,2,Not recommended after 9pm,-0.26,77.45,18.5018,73.8585
Kondhwa,0.46,0.47,0.63,4,0.24,3,Risky area,-0.82,57.85,18.4731,73.8944
Magarpatta,0.89,0.16,0.4,2,0.31,2,Crime prone area,-0.82,42.3,18.5136,73.9213
Kondhwa,0.16,0.16,0.91,0,0.3,4,Crowded but manageable,-0.34,94.0,18.4731,73.8944
Kothrud,0.42,0.75,0.48,4,0.61,2,Very safe route,0.65,76.8,18.5074,73.8077
Nigdi,0.66,0.17,0.81,4,0.2,3,Not recommended after 9pm,-0.16,57.85,18.6429,73.7585
Hinjewadi,0.6,0.71,0.79,6,0.69,2,Very safe route,-0.4,44.75,18.5913,73.7389
Dhayari,0.26,0.1,0.35,0,0.87,4,Comfortable route,-0.3,72.7,18.4411,73.8058
Dhayari,0.23,0.91,0.35,5,0.62,2,Feels unsafe at night,-0.17,68.0,18.4411,73.8058
Hinjewadi,0.62,0.51,0.16,4,0.7,2,Good lighting and safe,-0.17,47.9,18.5913,73.7389
Kondhwa,0.16,0.24,0.83,6,0.24,5,Feels unsafe at night,-0.77,59.15,18.4731,73.8944
Swargate,0.58,0.78,0.11,2,0.56,4,Mostly safe locality,0.15,70.65,18.5018,73.8585
Katraj,0.79,0.49,0.73,6,0.45,5,Highly secure area,0.84,56.65,18.4529,73.8554
Dhayari,0.11,0.67,0.32,6,0.66,1,Very safe route,0.5,73.15,18.4411,73.8058
Akurdi,0.39,0.37,0.53,5,0.47,2,Highly secure area,-0.39,55.0,18.6498,73.7711
Swargate,0.29,0.95,0.56,5,0.1,3,Risky area,0.19,84.1,18.5018,73.8585
Kondhwa,0.44,0.76,0.15,4,0.82,2,Not recommended after 9pm,-0.22,55.6,18.4731,73.8944
Balewadi,0.9,0.27,0.37,0,0.51,2,Mostly safe locality,-0.79,49.7,18.576,73.7739
Magarpatta,0.64,0.48,0.25,4,0.37,1,Good lighting and safe,0.22,60.0,18.5136,73.9213
Akurdi,0.31,0.71,0.59,3,0.92,5,Highly secure area,-0.09,69.4,18.6498,73.7711
Kondhwa,0.36,0.77,0.32,0,0.9,1,Very safe route,-0.26,78.45,18.4731,73.8944
Sus,0.52,0.5,0.56,5,0.91,3,Mostly safe locality,0.25,52.85,18.5584,73.7423
Kondhwa,0.32,0.26,0.25,2,0.3,4,Crime prone area,0.8,89.6,18.4731,73.8944
Kondhwa,0.8,0.14,0.22,0,0.34,5,Very safe route,-0.03,65.05,18.4731,73.8944
Baner,0.25,0.24,0.86,4,0.15,2,Mostly safe locality,0.48,86.4,18.559,73.7787
Sus,0.41,0.84,0.74,0,0.6,3,Risky area,-0.39,85.75,18.5584,73.7423
Chinchwad,0.72,0.38,0.29,6,0.42,3,Mostly safe locality,0.19,44.25,18.6229,73.7842
Pimpri,0.14,0.13,0.36,4,0.66,3,Crime prone area,0.37,72.3,18.6262,73.8118
Baner,0.56,0.27,0.27,1,0.51,3,Mostly safe locality,0.87,82.2,18.559,73.7787
Katraj,0.41,0.34,0.81,3,0.54,4,Highly secure area,-0.56,62.6,18.4529,73.8554
Magarpatta,0.61,0.74,0.24,1,0.58,1,Feels unsafe at night,-0.63,63.05,18.5136,73.9213
Pimpri,0.39,0.2,0.2,1,0.91,3,Highly secure area,0.85,78.95,18.6262,73.8118
Hinjewadi,0.27,0.21,0.22,0,0.11,2,Very safe route,-0.57,83.8,18.5913,73.7389
Katraj,0.2,0.19,0.52,4,0.21,1,Good lighting and safe,0.61,85.0,18.4529,73.8554
Camp,0.36,0.88,0.62,3,0.62,5,Comfortable route,-0.84,65.0,18.5204,73.8787
Sinhagad Road,0.34,0.4,0.66,3,0.23,4,Risky area,0.82,91.7,18.46,73.81
Viman Nagar,0.7,0.79,0.33,6,0.59,4,Very safe route,-0.52,37.55,18.5679,73.9143
Nigdi,0.67,0.13,0.65,0,0.96,2,Crowded but manageable,-0.43,56.0,18.6429,73.7585
Deccan,0.73,0.62,0.3,5,0.97,3,Feels unsafe at night,0.4,44.7,18.5173,73.8413
Katraj,0.71,0.59,0.3,1,0.32,2,Good lighting and safe,-0.57,63.5,18.4529,73.8554
Kondhwa,0.26,0.13,0.27,3,0.48,4,Mostly safe locality,-0.08,68.45,18.4731,73.8944
NIBM,0.3,0.61,0.16,0,0.35,2,Comfortable route,-0.28,87.55,18.48,73.89
Sus,0.5,0.86,0.88,5,0.65,1,Not recommended after 9pm,-0.88,50.5,18.5584,73.7423
Baner,0.12,0.17,0.12,1,0.93,5,Highly secure area,0.34,80.45,18.559,73.7787
Chinchwad,0.41,0.57,0.18,3,0.45,5,Feels unsafe at night,0.51,77.6,18.6229,73.7842
Warje,0.77,0.32,0.54,6,0.12,3,Highly secure area,0.25,50.75,18.4852,73.8062
Warje,0.77,0.21,0.16,4,0.79,5,Good lighting and safe,0.04,38.75,18.4852,73.8062
Karve Nagar,0.39,0.2,0.67,4,0.5,4,Mostly safe locality,-0.46,57.2,18.4912,73.8214
Katraj,0.35,0.84,0.82,3,0.17,3,Comfortable route,-0.26,84.5,18.4529,73.8554
Warje,0.34,0.34,0.77,1,0.38,4,Not recommended after 9pm,-0.35,81.35,18.4852,73.8062
Aundh,0.64,0.66,0.92,2,0.27,2,Crime prone area,0.88,91.3,18.558,73.8075
Deccan,0.32,0.71,0.72,1,0.72,4,Crime prone area,0.19,88.5,18.5173,73.8413
Shivajinagar,0.31,0.75,0.56,3,0.71,1,Very safe route,-0.17,72.7,18.5314,73.8446
Yerwada,0.56,0.54,0.68,0,0.93,3,Risky area,-0.39,68.05,18.5538,73.8826
Yerwada,0.19,0.25,0.83,6,0.39,1,Very safe route,-0.41,60.5,18.5538,73.8826
Magarpatta,0.2,0.72,0.48,4,0.89,4,Not recommended after 9pm,-0.13,67.85,18.5136,73.9213
Pashan,0.39,0.25,0.81,5,0.1,4,Highly secure area,0.32,74.05,18.5397,73.7932
Sus,0.47,0.37,0.66,1,0.82,2,Comfortable route,-0.84,59.35,18.5584,73.7423
Viman Nagar,0.73,0.69,0.42,6,0.8,1,Very safe route,-0.6,30.35,18.5679,73.9143
Wakad,0.81,0.56,0.59,4,0.91,3,Comfortable route,0.77,55.25,18.5987,73.7656
Balewadi,0.93,0.93,0.63,5,0.3,4,Crime prone area,0.06,52.95,18.576,73.7739
Camp,0.82,0.79,0.78,2,0.31,1,Mostly safe locality,0.3,75.15,18.5204,73.8787
Kothrud,0.6,0.18,0.92,3,0.65,5,Not recommended after 9pm,0.31,64.55,18.5074,73.8077
Shivajinagar,0.78,0.19,0.42,6,0.49,2,Crime prone area,0.4,42.05,18.5314,73.8446
Hadapsar,0.48,0.9,0.61,3,0.97,1,Good lighting and safe,0.86,78.9,18.5089,73.9259
Yerwada,0.25,0.29,0.7,2,0.23,2,Comfortable route,-0.53,78.8,18.5538,73.8826
Hinjewadi,0.73,0.79,0.61,0,0.61,2,Crime prone area,-0.18,73.85,18.5913,73.7389
Swargate,0.71,0.34,0.94,3,0.94,2,Not recommended after 9pm,0.7,62.8,18.5018,73.8585
Nigdi,0.4,0.21,0.18,2,0.48,2,Comfortable route,0.34,74.45,18.6429,73.7585
Bibwewadi,0.85,0.56,0.35,1,0.49,5,Comfortable route,0.56,71.5,18.4735,73.8647
Baner,0.78,0.74,0.29,6,0.75,3,Mostly safe locality,-0.82,25.5,18.559,73.7787
NIBM,0.95,0.75,0.45,1,0.36,5,Feels unsafe at night,-0.89,52.2,18.48,73.89
Sus,0.46,0.59,0.3,5,0.77,1,Feels unsafe at night,0.26,56.95,18.5584,73.7423
Kondhwa,0.68,0.51,0.78,2,0.79,2,Crime prone area,-0.14,60.35,18.4731,73.8944
Katraj,0.17,0.19,0.27,6,0.88,1,Highly secure area,0.06,52.05,18.4529,73.8554
Hadapsar,0.19,0.47,0.59,3,0.78,3,Highly secure area,-0.88,61.55,18.5089,73.9259
Pimpri,0.41,0.84,0.36,6,0.53,3,Not recommended after 9pm,-0.49,51.85,18.6262,73.8118
Kothrud,0.15,0.85,0.59,6,0.49,5,Comfortable route,0.27,76.9,18.5074,73.8077
Viman Nagar,0.27,0.53,0.72,0,0.36,4,Feels unsafe at night,-0.49,89.8,18.5679,73.9143
Nigdi,0.64,0.33,0.53,2,0.55,1,Very safe route,-0.68,53.45,18.6429,73.7585
Kothrud,0.32,0.7,0.63,2,0.34,3,Comfortable route,0.31,91.85,18.5074,73.8077
Nigdi,0.53,0.41,0.23,1,0.96,4,Feels unsafe at night,-0.05,62.3,18.6429,73.7585
Deccan,0.13,0.15,0.65,1,0.69,4,Not recommended after 9pm,-0.02,84.45,18.5173,73.8413
Nigdi,0.21,0.86,0.63,2,0.73,2,Crowded but manageable,-0.05,85.45,18.6429,73.7585
Chinchwad,0.67,0.65,0.43,1,0.27,4,Not recommended after 9pm,0.11,78.5,18.6229,73.7842
Viman Nagar,0.16,0.61,0.17,1,0.51,1,Very safe route,0.2,92.25,18.5679,73.9143
Kharadi,0.43,0.95,0.14,1,0.23,5,Highly secure area,-0.63,79.4,18.5515,73.9348
Wakad,0.17,0.86,0.34,4,0.88,1,Mostly safe locality,-0.28,67.7,18.5987,73.7656
Baner,0.55,0.38,0.26,0,0.41,2,Risky area,-0.44,71.5,18.559,73.7787
NIBM,0.83,0.19,0.23,2,0.53,4,Crowded but manageable,0.22,54.65,18.48,73.89
Sinhagad Road,0.9,0.77,0.16,3,0.94,4,Highly secure area,0.36,48.75,18.46,73.81
Yerwada,0.72,0.61,0.61,2,0.89,3,Not recommended after 9pm,-0.39,52.8,18.5538,73.8826
Baner,0.11,0.8,0.32,1,0.42,1,Mostly safe locality,-0.17,94.85,18.559,73.7787
Kondhwa,0.88,0.78,0.78,0,0.57,4,Good lighting and safe,-0.29,68.55,18.4731,73.8944
Sus,0.67,0.12,0.55,0,0.79,4,Crowded but manageable,-0.55,56.45,18.5584,73.7423
Yerwada,0.64,0.78,0.2,0,0.44,3,Not recommended after 9pm,0.29,83.65,18.5538,73.8826
Nigdi,0.4,0.52,0.35,4,0.42,3,Risky area,0.25,70.65,18.6429,73.7585
Katraj,0.45,0.78,0.71,1,0.77,1,Highly secure area,0.35,85.65,18.4529,73.8554
Sus,0.44,0.15,0.83,4,0.99,1,Crowded but manageable,-0.56,44.75,18.5584,73.7423
Warje,0.27,0.2,0.73,6,0.52,2,Good lighting and safe,0.74,70.2,18.4852,73.8062
Nigdi,0.16,0.88,0.11,5,0.76,2,Feels unsafe at night,0.3,72.2,18.6429,73.7585
Aundh,0.58,0.23,0.31,6,0.91,2,Comfortable route,0.56,43.55,18.558,73.8075
Akurdi,0.9,0.87,0.34,6,0.82,1,Very safe route,-0.07,33.0,18.6498,73.7711
Pashan,0.13,0.22,0.22,3,0.64,3,Crowded but manageable,0.86,85.4,18.5397,73.7932
Wakad,0.53,0.63,0.94,3,0.57,5,Mostly safe locality,-0.16,68.85,18.5987,73.7656
Sus,0.94,0.72,0.4,6,0.76,1,Crime prone area,0.59,40.85,18.5584,73.7423
Deccan,0.27,0.76,0.68,1,0.2,1,Crowded but manageable,-0.44,91.8,18.5173,73.8413
Karve Nagar,0.21,0.82,0.64,2,0.87,5,Feels unsafe at night,-0.71,72.25,18.4912,73.8214
Chinchwad,0.9,0.95,0.7,6,0.36,4,Feels unsafe at night,0.53,56.0,18.6229,73.7842
Akurdi,0.35,0.61,0.74,3,0.31,2,Very safe route,-0.68,71.15,18.6498,73.7711
Karve Nagar,0.52,0.1,0.67,3,0.28,1,Feels unsafe at night,-0.87,53.75,18.4912,73.8214
Kondhwa,0.59,0.22,0.39,5,0.18,2,Mostly safe locality,-0.52,47.2,18.4731,73.8944
Camp,0.57,0.47,0.67,3,0.77,4,Comfortable route,-0.64,50.95,18.5204,73.8787
Kondhwa,0.87,0.46,0.92,3,0.35,2,Risky area,-0.88,46.1,18.4731,73.8944
Sinhagad Road,0.54,0.77,0.87,5,0.75,1,Risky area,-0.04,58.05,18.46,73.81
Warje,0.67,0.77,0.87,5,0.87,1,Crime prone area,0.22,54.35,18.4852,73.8062
Bhosari,0.21,0.92,0.64,4,0.38,3,Risky area,0.57,92.75,18.6298,73.8446
Balewadi,0.27,0.2,0.75,0,0.24,5,Mostly safe locality,0.79,100.0,18.576,73.7739
Sinhagad Road,0.52,0.75,0.88,0,0.39,2,Good lighting and safe,0.52,99.25,18.46,73.81
Aundh,0.18,0.47,0.51,0,0.66,2,Very safe route,0.23,95.2,18.558,73.8075
Bibwewadi,0.38,0.13,0.61,6,0.78,3,Good lighting and safe,-0.21,44.1,18.4735,73.8647
Sinhagad Road,0.84,0.15,0.81,6,0.82,2,Mostly safe locality,-0.51,22.7,18.46,73.81
Kharadi,0.88,0.51,0.14,6,1.0,3,Comfortable route,0.01,24.0,18.5515,73.9348
Karve Nagar,0.27,0.55,0.82,1,0.18,4,Not recommended after 9pm,-0.79,85.2,18.4912,73.8214
Karve Nagar,0.6,0.79,0.44,0,0.54,3,Good lighting and safe,0.74,92.55,18.4912,73.8214
Warje,0.37,0.47,0.62,5,0.97,1,Mostly safe locality,-0.11,52.4,18.4852,73.8062
Hadapsar,0.94,0.46,0.48,0,0.76,5,Crime prone area,-0.21,55.75,18.5089,73.9259
Bhosari,0.38,0.66,0.53,5,0.33,3,Highly secure area,0.7,78.9,18.6298,73.8446
Wakad,0.75,0.31,0.62,2,0.36,2,Good lighting and safe,0.17,66.2,18.5987,73.7656
Baner,0.28,0.36,0.13,4,0.7,3,Comfortable route,0.86,74.4,18.559,73.7787
Kondhwa,0.58,0.45,0.62,2,0.48,1,Highly secure area,-0.14,68.05,18.4731,73.8944
Chinchwad,0.55,0.11,0.2,1,0.6,4,Risky area,0.48,71.85,18.6229,73.7842
Bibwewadi,0.48,0.46,0.27,6,0.26,3,Very safe route,-0.62,45.9,18.4735,73.8647
Warje,0.71,0.64,0.77,2,0.53,2,Risky area,0.6,77.3,18.4852,73.8062
Baner,0.59,0.42,0.34,5,0.71,2,Highly secure area,0.21,50.05,18.559,73.7787
Bibwewadi,0.89,0.34,0.5,3,0.75,3,Good lighting and safe,0.65,54.25,18.4735,73.8647
Magarpatta,0.45,0.11,0.35,3,0.25,2,Crime prone area,0.44,73.75,18.5136,73.9213
Swargate,0.19,0.2,0.45,2,0.41,2,Not recommended after 9pm,0.54,89.8,18.5018,73.8585
Bhosari,0.69,0.59,0.13,4,0.35,5,Risky area,-0.37,50.0,18.6298,73.8446
Magarpatta,0.44,0.65,0.33,3,0.7,2,Feels unsafe at night,-0.68,56.25,18.5136,73.9213
Shivajinagar,0.1,0.64,0.68,5,0.21,5,Crowded but manageable,0.05,83.95,18.5314,73.8446
Viman Nagar,0.38,0.28,0.3,4,0.61,2,Good lighting and safe,-0.44,53.2,18.5679,73.9143
Sinhagad Road,0.27,0.44,0.67,6,0.65,3,Crowded but manageable,-0.8,47.5,18.46,73.81
Swargate,0.19,0.32,0.87,4,0.85,1,Crowded but manageable,-0.67,58.85,18.5018,73.8585
Hadapsar,0.4,0.53,0.17,0,0.21,3,Comfortable route,0.11,91.1,18.5089,73.9259
Sus,0.37,0.3,0.9,4,0.53,4,Risky area,-0.86,55.2,18.5584,73.7423
Aundh,0.23,0.73,0.26,0,0.23,4,Feels unsafe at night,-0.02,99.45,18.558,73.8075
Karve Nagar,0.46,0.32,0.57,2,0.3,1,Crowded but manageable,-0.05,75.35,18.4912,73.8214
Kothrud,0.88,0.23,0.44,5,0.66,1,Risky area,0.28,38.65,18.5074,73.8077
Deccan,0.94,0.87,0.62,2,0.8,2,Risky area,-0.51,48.0,18.5173,73.8413
Kothrud,0.3,0.23,0.82,1,0.46,4,Mostly safe locality,-0.58,76.75,18.5074,73.8077
Kothrud,0.91,0.73,0.68,5,0.65,1,Comfortable route,0.7,53.85,18.5074,73.8077
Aundh,0.64,0.9,0.42,2,0.84,1,Crowded but manageable,0.87,78.35,18.558,73.8075
Kondhwa,0.16,0.55,0.88,0,0.68,5,Crime prone area,-0.28,92.85,18.4731,73.8944
Sinhagad Road,0.39,0.83,0.3,6,0.55,1,Mostly safe locality,-0.62,49.55,18.46,73.81
Wakad,0.31,0.82,0.56,6,0.13,4,Feels unsafe at night,0.41,79.05,18.5987,73.7656
Camp,0.84,0.4,0.54,0,0.47,4,Feels unsafe at night,0.5,75.9,18.5204,73.8787
Dhayari,0.38,0.38,0.67,6,0.58,4,Feels unsafe at night,-0.87,42.55,18.4411,73.8058
Sus,0.79,0.42,0.73,6,0.96,5,Risky area,0.18,35.5,18.5584,73.7423
Swargate,0.46,0.23,0.82,0,0.21,5,Highly secure area,0.21,92.2,18.5018,73.8585
Camp,0.94,0.16,0.83,4,0.23,1,Mostly safe locality,-0.86,35.6,18.5204,73.8787
Karve Nagar,0.18,0.43,0.3,6,0.33,4,Crime prone area,0.5,73.15,18.4912,73.8214
Hinjewadi,0.72,0.85,0.75,3,0.7,5,Mostly safe locality,-0.05,61.7,18.5913,73.7389
Karve Nagar,0.17,0.2,0.39,3,0.94,1,Highly secure area,-0.1,64.8,18.4912,73.8214
Hadapsar,0.23,0.31,0.33,0,0.72,3,Feels unsafe at night,-0.57,75.8,18.5089,73.9259
Sus,0.86,0.76,0.74,2,0.13,1,Risky area,0.28,76.0,18.5584,73.7423
Nigdi,0.37,0.21,0.16,0,0.24,3,Feels unsafe at night,-0.57,76.6,18.6429,73.7585
Baner,0.67,0.87,0.33,0,0.77,5,Risky area,0.11,75.8,18.559,73.7787
Pimpri,0.41,0.19,0.82,3,0.46,4,Risky area,-0.38,64.75,18.6262,73.8118
Katraj,0.75,0.65,0.32,2,0.41,1,Crowded but manageable,0.24,68.35,18.4529,73.8554
Camp,0.32,0.82,0.79,5,0.63,5,Not recommended after 9pm,-0.12,68.0,18.5204,73.8787
Chinchwad,0.92,0.78,0.43,3,0.37,1,Good lighting and safe,0.08,58.0,18.6229,73.7842
Sinhagad Road,0.17,0.48,0.46,1,0.52,5,Comfortable route,-0.66,79.7,18.46,73.81
Sinhagad Road,0.56,0.76,0.45,4,0.3,5,Very safe route,0.01,67.65,18.46,73.81
Camp,0.82,0.28,0.22,0,0.48,4,Crime prone area,0.61,73.15,18.5204,73.8787
Kothrud,0.35,0.82,0.57,6,0.7,4,Mostly safe locality,0.05,60.75,18.5074,73.8077
Shivajinagar,0.82,0.7,0.5,4,0.69,3,Crowded but manageable,0.51,56.55,18.5314,73.8446
Hadapsar,0.34,0.24,0.37,1,0.24,5,Feels unsafe at night,0.38,89.6,18.5089,73.9259
Nigdi,0.27,0.86,0.28,2,0.43,2,Crime prone area,0.5,93.8,18.6429,73.7585
Kondhwa,0.58,0.43,0.79,6,1.0,2,Feels unsafe at night,0.25,44.9,18.4731,73.8944
Pashan,0.61,0.11,0.4,2,0.25,1,Highly secure area,0.07,67.3,18.5397,73.7932
Bhosari,0.42,0.61,0.24,0,0.62,3,Risky area,0.65,92.1,18.6298,73.8446
Karve Nagar,0.89,0.47,0.25,4,0.26,5,Crime prone area,-0.29,44.4,18.4912,73.8214
Warje,0.95,0.75,0.7,1,0.89,5,Crime prone area,-0.4,51.45,18.4852,73.8062
Akurdi,0.66,0.29,0.3,3,0.22,4,Very safe route,-0.65,51.8,18.6498,73.7711
Warje,0.78,0.92,0.14,1,0.79,5,Mostly safe locality,-0.63,53.75,18.4852,73.8062
Pimpri,0.78,0.87,0.26,5,0.44,2,Highly secure area,-0.41,44.5,18.6262,73.8118
NIBM,0.71,0.41,0.5,5,0.16,4,Mostly safe locality,0.52,62.35,18.48,73.89
Deccan,0.67,0.79,0.62,5,0.77,2,Risky area,-0.33,45.9,18.5173,73.8413
Chinchwad,0.74,0.41,0.52,2,0.97,1,Very safe route,0.04,52.95,18.6229,73.7842
Kondhwa,0.11,0.11,0.39,2,0.17,3,Very safe route,-0.66,77.85,18.4731,73.8944
Wakad,0.72,0.2,0.4,2,0.52,3,Crime prone area,-0.65,48.05,18.5987,73.7656
NIBM,0.11,0.36,0.31,2,1.0,2,Feels unsafe at night,0.87,87.15,18.48,73.89
Viman Nagar,0.21,0.63,0.67,0,0.28,3,Mostly safe locality,0.6,100.0,18.5679,73.9143
Warje,0.62,0.36,0.63,1,0.6,3,Good lighting and safe,-0.09,68.55,18.4852,73.8062
Shivajinagar,0.59,0.38,0.42,0,0.28,4,Crowded but manageable,-0.54,72.6,18.5314,73.8446
Akurdi,0.33,0.55,0.14,0,0.55,3,Risky area,0.16,87.85,18.6498,73.7711
Hinjewadi,0.48,0.46,0.56,6,0.33,5,Crowded but manageable,0.07,57.75,18.5913,73.7389
Baner,0.35,0.79,0.75,3,0.97,5,Feels unsafe at night,0.74,82.05,18.559,73.7787
NIBM,0.27,0.16,0.66,3,0.73,5,Good lighting and safe,0.58,77.3,18.48,73.89
Katraj,0.49,0.8,0.14,3,0.92,3,Crime prone area,0.44,67.0,18.4529,73.8554
NIBM,0.85,0.63,0.34,1,0.19,3,Crowded but manageable,0.44,76.65,18.48,73.89
Warje,0.22,0.44,0.48,2,0.6,2,Feels unsafe at night,0.48,87.8,18.4852,73.8062
Wakad,0.22,0.45,0.81,5,0.6,4,Not recommended after 9pm,0.51,76.7,18.5987,73.7656
Wakad,0.94,0.22,0.19,3,0.47,3,Risky area,-0.1,41.7,18.5987,73.7656
Viman Nagar,0.59,0.4,0.92,1,0.61,4,Crowded but manageable,0.34,79.5,18.5679,73.9143
Pimpri,0.32,0.91,0.26,0,0.34,5,Crime prone area,0.76,100.0,18.6262,73.8118
Magarpatta,0.78,0.28,0.27,5,0.24,3,Comfortable route,-0.51,38.25,18.5136,73.9213
Warje,0.11,0.21,0.6,5,0.16,1,Good lighting and safe,-0.45,69.8,18.4852,73.8062
Bhosari,0.85,0.67,0.37,0,1.0,4,Mostly safe locality,-0.18,57.05,18.6298,73.8446
Sus,0.81,0.66,0.51,3,0.71,5,Very safe route,0.89,66.75,18.5584,73.7423
Karve Nagar,0.29,0.59,0.18,6,0.56,5,Not recommended after 9pm,-0.37,52.3,18.4912,73.8214
Sus,0.26,0.77,0.3,2,0.75,4,Feels unsafe at night,0.77,90.7,18.5584,73.7423
Viman Nagar,0.51,0.5,0.76,5,0.11,2,Very safe route,0.53,75.45,18.5679,73.9143
Dhayari,0.42,0.75,0.77,6,0.64,3,Highly secure area,0.15,61.6,18.4411,73.8058
Baner,0.79,0.38,0.16,5,0.91,2,Comfortable route,-0.07,31.45,18.559,73.7787
Warje,0.87,0.33,0.33,5,0.7,2,Crime prone area,-0.58,25.75,18.4852,73.8062
Chinchwad,0.73,0.23,0.9,0,0.61,3,Highly secure area,-0.2,68.05,18.6229,73.7842
Kothrud,0.9,0.76,0.12,6,0.69,5,Risky area,0.24,36.4,18.5074,73.8077
Chinchwad,0.53,0.18,0.44,3,0.58,5,Crowded but manageable,0.17,61.85,18.6229,73.7842
Dhayari,0.91,0.9,0.76,0,0.74,4,Mostly safe locality,0.56,78.3,18.4411,73.8058
Sus,0.94,0.57,0.81,1,0.61,4,Risky area,-0.34,56.75,18.5584,73.7423
Nigdi,0.26,0.27,0.87,6,0.95,2,Mostly safe locality,0.41,59.5,18.6429,73.7585
Pimpri,0.85,0.14,0.41,2,0.6,5,Crime prone area,0.69,60.55,18.6262,73.8118
Chinchwad,0.94,0.77,0.21,6,0.95,1,Very safe route,0.86,39.95,18.6229,73.7842
Yerwada,0.11,0.53,0.76,6,0.77,3,Crowded but manageable,-0.53,57.8,18.5538,73.8826
Yerwada,0.93,0.76,0.19,1,0.57,5,Risky area,0.18,62.4,18.5538,73.8826
Bhosari,0.4,0.73,0.27,3,0.92,1,Crowded but manageable,0.49,71.6,18.6298,73.8446
Akurdi,0.6,0.57,0.38,0,0.47,4,Good lighting and safe,0.84,91.55,18.6498,73.7711
Kharadi,0.58,0.89,0.31,1,0.14,4,Not recommended after 9pm,-0.88,72.25,18.5515,73.9348
Kothrud,0.34,0.91,0.75,4,0.18,5,Risky area,0.29,88.3,18.5074,73.8077
Karve Nagar,0.16,0.88,0.89,0,0.89,2,Good lighting and safe,-0.34,92.8,18.4912,73.8214
Wakad,0.47,0.16,0.31,3,0.33,3,Very safe route,-0.65,55.35,18.5987,73.7656
Balewadi,0.9,0.29,0.73,1,0.89,5,Comfortable route,-0.64,43.25,18.576,73.7739
Katraj,0.65,0.25,0.39,1,0.73,1,Good lighting and safe,-0.71,51.4,18.4529,73.8554
Baner,0.91,0.27,0.82,3,0.94,2,Crowded but manageable,0.56,50.45,18.559,73.7787
Bhosari,0.18,0.17,0.78,1,0.73,3,Not recommended after 9pm,0.04,84.15,18.6298,73.8446
Kharadi,0.46,0.47,0.41,5,0.98,3,Feels unsafe at night,-0.85,35.4,18.5515,73.9348
Shivajinagar,0.29,0.69,0.37,6,0.25,1,Feels unsafe at night,-0.14,65.35,18.5314,73.8446
Dhayari,0.86,0.34,0.28,0,0.65,3,Very safe route,-0.05,59.75,18.4411,73.8058
Nigdi,0.79,0.19,0.64,5,0.57,2,Risky area,0.3,45.75,18.6429,73.7585
Yerwada,0.12,0.63,0.38,5,0.11,2,Crowded but manageable,-0.01,81.1,18.5538,73.8826
NIBM,0.29,0.54,0.86,4,0.81,1,Not recommended after 9pm,0.62,78.2,18.48,73.89
Swargate,0.36,0.41,0.55,0,0.11,5,Not recommended after 9pm,0.4,100.0,18.5018,73.8585
Wakad,0.11,0.45,0.23,5,0.26,3,Not recommended after 9pm,0.64,84.05,18.5987,73.7656
Kondhwa,0.79,0.93,0.69,5,0.26,2,Highly secure area,0.51,66.7,18.4731,73.8944
Deccan,0.45,0.16,0.16,4,0.83,5,Feels unsafe at night,-0.42,43.1,18.5173,73.8413
Katraj,0.46,0.38,0.71,3,0.38,2,Crime prone area,0.75,83.05,18.4529,73.8554
Wakad,0.85,0.37,0.12,2,0.52,2,Feels unsafe at night,0.87,65.4,18.5987,73.7656
Kondhwa,0.14,0.56,0.22,4,0.48,4,Comfortable route,0.58,84.1,18.4731,73.8944
Kharadi,0.31,0.65,0.35,2,0.42,2,Risky area,0.19,85.3,18.5515,73.9348
Magarpatta,0.64,0.39,0.89,5,0.14,1,Mostly safe locality,-0.46,54.45,18.5136,73.9213
Karve Nagar,0.53,0.78,0.55,2,0.29,1,Not recommended after 9pm,-0.36,74.8,18.4912,73.8214
Bibwewadi,0.71,0.31,0.71,5,0.67,2,Risky area,0.4,50.95,18.4735,73.8647
Sinhagad Road,0.39,0.34,0.71,2,0.43,2,Crime prone area,-0.51,70.35,18.46,73.81
Baner,0.7,0.82,0.39,0,0.26,4,Very safe route,-0.01,82.85,18.559,73.7787
Akurdi,0.85,0.86,0.8,2,0.56,2,Very safe route,0.45,72.45,18.6498,73.7711
Nigdi,0.72,0.21,0.54,4,0.19,1,Very safe route,-0.69,45.6,18.6429,73.7585
Wakad,0.28,0.85,0.1,1,0.88,5,Comfortable route,0.73,90.9,18.5987,73.7656
Sinhagad Road,0.8,0.27,0.87,1,0.32,1,Feels unsafe at night,-0.77,57.8,18.46,73.81
Kharadi,0.81,0.87,0.56,5,0.73,5,Good lighting and safe,0.75,57.9,18.5515,73.9348
Viman Nagar,0.84,0.51,0.49,2,0.23,2,Crowded but manageable,0.18,67.05,18.5679,73.9143
Camp,0.39,0.76,0.93,4,0.47,5,Comfortable route,0.48,82.9,18.5204,73.8787
Pashan,0.66,0.48,0.34,5,0.33,4,Good lighting and safe,-0.08,51.4,18.5397,73.7932
Kondhwa,0.58,0.33,0.53,0,0.64,2,Highly secure area,0.71,84.9,18.4731,73.8944
Chinchwad,0.64,0.26,0.63,1,0.22,5,Risky area,0.29,79.55,18.6229,73.7842
Yerwada,0.29,0.74,0.95,0,0.4,3,Good lighting and safe,0.18,100.0,18.5538,73.8826
Chinchwad,0.37,0.17,0.28,0,0.88,1,Highly secure area,-0.61,63.8,18.6229,73.7842
Sus,0.54,0.78,0.29,1,0.42,5,Feels unsafe at night,-0.83,67.15,18.5584,73.7423
Hadapsar,0.69,0.69,0.91,6,0.33,4,Comfortable route,0.61,64.4,18.5089,73.9259
Camp,0.16,0.11,0.79,5,0.6,4,Good lighting and safe,-0.3,61.65,18.5204,73.8787
Swargate,0.6,0.36,0.38,0,0.8,5,Highly secure area,-0.77,57.65,18.5018,73.8585
Warje,0.29,0.38,0.13,3,0.23,1,Mostly safe locality,0.2,78.8,18.4852,73.8062
Sinhagad Road,0.44,0.21,0.6,4,0.56,2,Risky area,-0.45,53.6,18.46,73.81
Katraj,0.93,0.78,0.24,0,0.39,2,Mostly safe locality,0.63,78.55,18.4529,73.8554
Kharadi,0.21,0.52,0.29,6,0.33,1,Crime prone area,0.35,70.95,18.5515,73.9348
Dhayari,0.16,0.38,0.64,2,0.39,5,Crowded but manageable,0.35,93.15,18.4411,73.8058
Karve Nagar,0.92,0.36,0.8,1,0.24,1,Highly secure area,-0.51,59.15,18.4912,73.8214
Balewadi,0.33,0.38,0.66,6,0.27,4,Very safe route,0.41,69.85,18.576,73.7739
Kothrud,0.39,0.83,0.63,2,0.47,2,Very safe route,-0.9,70.25,18.5074,73.8077
Camp,0.1,0.43,0.8,4,0.96,5,Crime prone area,0.68,81.45,18.5204,73.8787
Shivajinagar,0.41,0.45,0.19,6,0.64,5,Good lighting and safe,0.8,61.45,18.5314,73.8446
Kothrud,0.36,0.48,0.52,0,0.72,2,Not recommended after 9pm,0.17,86.15,18.5074,73.8077
Kharadi,0.87,0.76,0.85,0,0.63,3,Risky area,-0.22,69.2,18.5515,73.9348
NIBM,0.22,0.41,0.64,0,0.27,2,Crime prone area,0.87,100.0,18.48,73.89
Viman Nagar,0.35,0.49,0.14,3,0.22,4,Not recommended after 9pm,0.77,86.9,18.5679,73.9143
Bhosari,0.14,0.56,0.33,0,0.76,3,Good lighting and safe,-0.59,82.05,18.6298,73.8446
Warje,0.88,0.22,0.69,2,0.83,4,Mostly safe locality,-0.83,35.95,18.4852,73.8062
Kharadi,0.66,0.17,0.69,6,0.58,3,Not recommended after 9pm,-0.59,32.6,18.5515,73.9348
Akurdi,0.43,0.23,0.83,5,0.49,1,Highly secure area,-0.83,47.3,18.6498,73.7711
Deccan,0.79,0.78,0.78,2,0.8,4,Comfortable route,-0.11,60.25,18.5173,73.8413
Wakad,0.6,0.29,0.37,3,0.82,2,Crowded but manageable,0.01,52.8,18.5987,73.7656
Pimpri,0.34,0.39,0.57,4,0.31,3,Risky area,0.65,81.5,18.6262,73.8118
Kondhwa,0.3,0.46,0.74,3,0.52,3,Not recommended after 9pm,0.52,84.7,18.4731,73.8944
Chinchwad,0.46,0.28,0.53,3,0.62,3,Mostly safe locality,0.52,71.5,18.6229,73.7842
Deccan,0.34,0.13,0.11,6,0.76,3,Crime prone area,0.71,54.9,18.5173,73.8413
Kondhwa,0.38,0.42,0.92,1,0.38,1,Very safe route,-0.56,79.3,18.4731,73.8944
Deccan,0.4,0.54,0.13,2,0.42,5,Risky area,-0.25,71.25,18.5173,73.8413
Kharadi,0.53,0.74,0.28,5,0.53,2,Good lighting and safe,0.55,65.35,18.5515,73.9348
Kothrud,0.75,0.8,0.92,4,0.82,5,Good lighting and safe,-0.39,48.95,18.5074,73.8077
Magarpatta,0.66,0.61,0.8,3,0.55,5,Crowded but manageable,-0.85,52.0,18.5136,73.9213
Sus,0.13,0.78,0.9,0,0.79,1,Good lighting and safe,-0.43,93.25,18.5584,73.7423
Wakad,0.19,0.49,0.36,4,0.1,3,Feels unsafe at night,-0.66,71.45,18.5987,73.7656
Nigdi,0.24,0.57,0.2,3,0.55,5,Good lighting and safe,0.42,81.25,18.6429,73.7585
Chinchwad,0.84,0.36,0.34,1,0.96,1,Feels unsafe at night,-0.53,43.05,18.6229,73.7842
Nigdi,0.69,0.43,0.22,6,0.97,5,Very safe route,0.86,44.55,18.6429,73.7585
Baner,0.56,0.6,0.15,4,0.58,5,Good lighting and safe,0.87,69.55,18.559,73.7787
Camp,0.31,0.62,0.1,4,0.31,2,Crowded but manageable,-0.47,64.65,18.5204,73.8787
Pashan,0.38,0.19,0.64,3,0.55,2,Comfortable route,0.73,79.0,18.5397,73.7932
Sinhagad Road,0.58,0.65,0.63,1,0.99,4,Good lighting and safe,-0.14,65.95,18.46,73.81
Kondhwa,0.16,0.3,0.88,1,0.99,2,Comfortable route,0.8,94.1,18.4731,73.8944
Nigdi,0.21,0.51,0.1,5,0.17,3,Very safe route,-0.31,67.2,18.6429,73.7585
Katraj,0.9,0.5,0.94,0,0.46,3,Very safe route,-0.2,68.7,18.4529,73.8554
Wakad,0.66,0.89,0.84,3,0.66,3,Comfortable route,-0.26,63.25,18.5987,73.7656
Sus,0.71,0.67,0.34,0,0.61,5,Good lighting and safe,-0.14,70.75,18.5584,73.7423
Kondhwa,0.69,0.31,0.13,0,0.8,1,Crowded but manageable,-0.3,57.85,18.4731,73.8944
Akurdi,0.4,0.13,0.5,5,0.14,2,Highly secure area,-0.31,58.5,18.6498,73.7711
Wakad,0.14,0.55,0.87,0,0.58,1,Risky area,0.6,100.0,18.5987,73.7656
Kharadi,0.78,0.48,0.28,6,0.43,4,Crowded but manageable,0.09,41.55,18.5515,73.9348
Bibwewadi,0.12,0.93,0.46,5,0.88,3,Good lighting and safe,0.08,72.35,18.4735,73.8647
Pimpri,0.82,0.82,0.38,5,0.75,3,Feels unsafe at night,-0.79,31.45,18.6262,73.8118
Balewadi,0.91,0.25,0.27,1,0.82,1,Feels unsafe at night,-0.4,42.65,18.576,73.7739
Balewadi,0.35,0.91,0.7,5,0.62,2,Good lighting and safe,-0.02,68.95,18.576,73.7739
Yerwada,0.87,0.13,0.59,3,0.75,3,Good lighting and safe,-0.76,31.65,18.5538,73.8826
Sus,0.85,0.7,0.64,4,0.85,1,Feels unsafe at night,-0.47,38.85,18.5584,73.7423
Karve Nagar,0.93,0.41,0.15,1,0.27,4,Highly secure area,0.14,62.15,18.4912,73.8214
NIBM,0.68,0.67,0.41,0,0.17,1,Crowded but manageable,0.2,86.55,18.48,73.89
Yerwada,0.78,0.49,0.52,3,0.74,2,Mostly safe locality,-0.24,47.95,18.5538,73.8826
Warje,0.9,0.84,0.46,1,0.48,3,Comfortable route,-0.09,65.25,18.4852,73.8062
Swargate,0.48,0.36,0.18,0,1.0,1,Very safe route,-0.73,57.05,18.5018,73.8585
Wakad,0.18,0.6,0.45,0,0.99,2,Not recommended after 9pm,0.77,98.05,18.5987,73.7656
Katraj,0.78,0.11,0.51,3,0.77,5,Feels unsafe at night,0.82,57.45,18.4529,73.8554
Chinchwad,0.62,0.74,0.36,1,0.92,5,Very safe route,-0.21,63.35,18.6229,73.7842
Katraj,0.34,0.52,0.42,2,0.19,3,Comfortable route,-0.47,77.55,18.4529,73.8554
Hadapsar,0.24,0.36,0.75,0,0.68,1,Crime prone area,0.63,99.15,18.5089,73.9259
Aundh,0.88,0.92,0.23,5,0.59,2,Good lighting and safe,0.8,56.1,18.558,73.8075
Bibwewadi,0.94,0.5,0.86,4,0.54,5,Risky area,-0.85,34.95,18.4735,73.8647
Nigdi,0.78,0.93,0.81,1,0.17,5,Good lighting and safe,-0.62,73.15,18.6429,73.7585
Dhayari,0.81,0.84,0.44,1,0.38,2,Good lighting and safe,0.23,75.45,18.4411,73.8058
Kothrud,0.42,0.59,0.17,2,0.66,4,Comfortable route,-0.07,69.5,18.5074,73.8077
Karve Nagar,0.45,0.3,0.87,6,0.71,3,Very safe route,-0.18,48.3,18.4912,73.8214
Viman Nagar,0.32,0.92,0.41,2,0.56,4,Comfortable route,-0.28,79.7,18.5679,73.9143
Yerwada,0.94,0.13,0.59,6,0.95,2,Risky area,-0.66,11.35,18.5538,73.8826
Bibwewadi,0.77,0.17,0.55,3,0.14,1,Highly secure area,0.65,69.2,18.4735,73.8647
Camp,0.39,0.22,0.91,3,0.62,2,Not recommended after 9pm,-0.59,60.55,18.5204,73.8787
Chinchwad,0.91,0.69,0.59,5,0.7,2,Good lighting and safe,-0.02,40.55,18.6229,73.7842
Sinhagad Road,0.31,0.6,0.28,0,0.91,3,Feels unsafe at night,-0.08,80.0,18.46,73.81
Katraj,0.75,0.64,0.38,0,0.81,1,Good lighting and safe,-0.08,66.0,18.4529,73.8554
Dhayari,0.72,0.85,0.69,0,0.31,1,Highly secure area,0.5,92.15,18.4411,73.8058
Pimpri,0.69,0.86,0.88,1,0.98,5,Feels unsafe at night,0.27,73.55,18.6262,73.8118
Dhayari,0.5,0.11,0.5,4,0.35,3,Crowded but manageable,0.01,59.8,18.4411,73.8058
Katraj,0.39,0.54,0.53,0,0.45,3,Very safe route,0.14,90.9,18.4529,73.8554
Hadapsar,0.41,0.84,0.79,5,0.19,2,Very safe route,0.27,79.35,18.5089,73.9259
Magarpatta,0.91,0.66,0.41,4,0.51,2,Highly secure area,0.86,60.3,18.5136,73.9213
Hadapsar,0.15,0.92,0.29,3,0.48,4,Comfortable route,0.85,98.85,18.5089,73.9259
Dhayari,0.47,0.67,0.79,0,0.16,2,Crime prone area,-0.83,83.5,18.4411,73.8058
Baner,0.26,0.26,0.64,0,0.4,1,Crime prone area,-0.89,78.55,18.559,73.7787
Camp,0.67,0.18,0.1,6,0.42,5,Good lighting and safe,0.28,42.7,18.5204,73.8787
Sinhagad Road,0.4,0.85,0.14,2,0.17,3,Crowded but manageable,-0.37,79.2,18.46,73.81
NIBM,0.13,0.64,0.38,0,0.29,1,Mostly safe locality,-0.71,91.75,18.48,73.89
Kothrud,0.61,0.54,0.19,1,0.66,5,Very safe route,0.28,71.6,18.5074,73.8077
Nigdi,0.53,0.79,0.85,2,0.73,5,Crime prone area,-0.77,63.0,18.6429,73.7585
Kondhwa,0.62,0.51,0.24,0,0.63,1,Highly secure area,-0.36,67.25,18.4731,73.8944
Akurdi,0.15,0.54,0.48,1,0.86,3,Mostly safe locality,-0.11,83.05,18.6498,73.7711
Baner,0.2,0.76,0.71,0,0.47,1,Crowded but manageable,-0.62,91.8,18.559,73.7787
Swargate,0.8,0.58,0.55,1,0.72,2,Good lighting and safe,0.82,75.1,18.5018,73.8585
Hinjewadi,0.77,0.8,0.31,6,0.48,4,Very safe route,-0.51,37.05,18.5913,73.7389
NIBM,0.84,0.95,0.82,4,0.63,1,Mostly safe locality,0.0,56.25,18.48,73.89
Shivajinagar,0.42,0.9,0.77,2,0.85,1,Mostly safe locality,0.77,88.95,18.5314,73.8446
Pimpri,0.31,0.25,0.84,4,0.19,5,Crowded but manageable,-0.03,75.5,18.6262,73.8118
Chinchwad,0.28,0.89,0.39,0,0.31,1,Good lighting and safe,-0.86,86.95,18.6229,73.7842
NIBM,0.27,0.44,0.29,0,0.19,3,Not recommended after 9pm,-0.03,94.45,18.48,73.89
Kothrud,0.24,0.5,0.93,0,0.67,1,Crime prone area,0.6,100.0,18.5074,73.8077
Katraj,0.77,0.44,0.58,0,0.88,5,Feels unsafe at night,0.26,67.9,18.4529,73.8554
Magarpatta,0.77,0.49,0.64,6,0.3,3,Risky area,-0.67,36.9,18.5136,73.9213
Nigdi,0.74,0.37,0.69,4,0.84,5,Highly secure area,0.1,47.55,18.6429,73.7585
Bibwewadi,0.25,0.45,0.15,1,0.83,1,Risky area,-0.62,67.35,18.4735,73.8647
Balewadi,0.79,0.8,0.92,6,0.45,5,Crowded but manageable,-0.29,46.25,18.576,73.7739
Yerwada,0.89,0.86,0.6,6,0.5,2,Good lighting and safe,-0.64,33.7,18.5538,73.8826
Baner,0.61,0.45,0.81,2,0.95,2,Comfortable route,0.34,66.55,18.559,73.7787
Deccan,0.39,0.29,0.8,2,0.78,4,Risky area,-0.18,68.45,18.5173,73.8413
Swargate,0.18,0.79,0.76,4,0.53,4,Highly secure area,-0.33,76.7,18.5018,73.8585
Swargate,0.39,0.25,0.4,3,0.26,4,Feels unsafe at night,0.51,79.6,18.5018,73.8585
Yerwada,0.86,0.57,0.66,5,0.6,1,Risky area,-0.51,36.1,18.5538,73.8826
Swargate,0.22,0.34,0.36,0,0.41,5,Crowded but manageable,0.11,93.35,18.5018,73.8585
Kharadi,0.18,0.78,0.72,0,0.6,1,Good lighting and safe,-0.55,91.45,18.5515,73.9348
Sinhagad Road,0.78,0.69,0.75,3,0.67,2,Risky area,0.54,66.35,18.46,73.81
Swargate,0.4,0.94,0.19,3,0.84,2,Not recommended after 9pm,0.11,69.85,18.5018,73.8585
Kondhwa,0.91,0.38,0.36,2,0.96,3,Highly secure area,-0.21,40.55,18.4731,73.8944
NIBM,0.19,0.51,0.2,1,0.93,1,Very safe route,-0.15,76.2,18.48,73.89
Kothrud,0.62,0.84,0.24,4,0.22,2,Feels unsafe at night,-0.0,65.8,18.5074,73.8077
Hadapsar,0.13,0.3,0.4,5,0.81,2,Highly secure area,0.31,66.75,18.5089,73.9259
Pashan,0.43,0.36,0.8,3,0.6,4,Crowded but manageable,0.5,76.7,18.5397,73.7932
Swargate,0.51,0.87,0.58,6,0.43,5,Crime prone area,0.06,60.75,18.5018,73.8585
Nigdi,0.38,0.18,0.22,2,0.35,3,Comfortable route,0.21,75.85,18.6429,73.7585
Viman Nagar,0.24,0.39,0.25,2,0.6,2,Not recommended after 9pm,0.54,84.85,18.5679,73.9143
Swargate,0.48,0.72,0.91,0,0.68,2,Crowded but manageable,-0.79,75.25,18.5018,73.8585
Wakad,0.12,0.28,0.29,3,0.52,4,Crime prone area,0.69,87.25,18.5987,73.7656
Nigdi,0.86,0.73,0.4,2,0.85,4,Risky area,0.41,59.7,18.6429,73.7585
Kothrud,0.46,0.54,0.19,4,1.0,2,Not recommended after 9pm,-0.66,41.7,18.5074,73.8077
Dhayari,0.3,0.31,0.32,6,0.27,4,Mostly safe locality,-0.45,53.7,18.4411,73.8058
Deccan,0.26,0.28,0.63,0,0.36,5,Mostly safe locality,-0.75,81.65,18.5173,73.8413
Swargate,0.54,0.38,0.86,1,0.58,3,Risky area,0.58,84.8,18.5018,73.8585
Balewadi,0.57,0.8,0.86,1,0.36,4,Comfortable route,-0.67,75.55,18.576,73.7739
Warje,0.58,0.55,0.85,0,0.45,4,Highly secure area,-0.02,84.25,18.4852,73.8062
Camp,0.5,0.52,0.38,3,0.21,1,Mostly safe locality,-0.31,67.75,18.5204,73.8787
Balewadi,0.82,0.29,0.44,3,0.65,4,Highly secure area,-0.37,42.4,18.576,73.7739
Shivajinagar,0.75,0.57,0.66,0,0.79,1,Good lighting and safe,0.86,82.25,18.5314,73.8446
Yerwada,0.81,0.24,0.44,3,0.69,5,Crowded but manageable,0.1,48.3,18.5538,73.8826
Bhosari,0.25,0.38,0.62,5,0.88,5,Comfortable route,-0.77,47.75,18.6298,73.8446
Hinjewadi,0.21,0.39,0.66,4,0.7,5,Crime prone area,-0.55,61.8,18.5913,73.7389
Sus,0.73,0.94,0.43,3,0.27,3,Not recommended after 9pm,0.31,73.45,18.5584,73.7423
Sus,0.67,0.44,0.94,2,0.29,4,Mostly safe locality,0.79,85.25,18.5584,73.7423
Warje,0.62,0.51,0.17,6,0.34,5,Feels unsafe at night,0.35,53.0,18.4852,73.8062
Baner,0.85,0.24,0.6,4,0.54,3,Good lighting and safe,0.17,47.35,18.559,73.7787
Nigdi,0.54,0.83,0.3,6,0.34,4,Highly secure area,-0.41,50.9,18.6429,73.7585
Shivajinagar,0.92,0.76,0.48,5,0.18,5,Not recommended after 9pm,0.87,63.85,18.5314,73.8446
Hadapsar,0.84,0.67,0.72,3,0.78,3,Good lighting and safe,-0.49,45.7,18.5089,73.9259
Viman Nagar,0.57,0.17,0.12,2,0.65,5,Comfortable route,-0.04,57.35,18.5679,73.9143
Deccan,0.56,0.38,0.59,5,0.86,4,Good lighting and safe,0.05,47.75,18.5173,73.8413
Aundh,0.83,0.84,0.41,2,0.58,4,Crowded but manageable,-0.5,54.4,18.558,73.8075
Sus,0.8,0.83,0.8,5,0.93,3,Not recommended after 9pm,0.05,45.6,18.5584,73.7423
Yerwada,0.45,0.88,0.6,0,0.72,1,Comfortable route,-0.49,79.45,18.5538,73.8826
Katraj,0.79,0.81,0.9,1,0.82,1,Highly secure area,0.38,73.85,18.4529,73.8554
Chinchwad,0.35,0.94,0.18,3,0.55,1,Feels unsafe at night,-0.66,66.0,18.6229,73.7842
Sinhagad Road,0.42,0.92,0.15,0,0.92,3,Good lighting and safe,0.05,80.85,18.46,73.81
Balewadi,0.62,0.5,0.49,5,0.47,4,Feels unsafe at night,-0.53,45.25,18.576,73.7739
Bhosari,0.48,0.31,0.3,4,0.27,3,Not recommended after 9pm,-0.89,49.7,18.6298,73.8446
Hadapsar,0.13,0.13,0.55,1,0.64,1,Not recommended after 9pm,0.01,84.6,18.5089,73.9259
Kothrud,0.67,0.66,0.74,6,0.97,5,Good lighting and safe,-0.75,29.85,18.5074,73.8077
Dhayari,0.71,0.59,0.12,3,0.47,5,Very safe route,0.53,65.2,18.4411,73.8058
Dhayari,0.9,0.17,0.23,6,0.62,1,Crowded but manageable,0.42,32.75,18.4411,73.8058
Warje,0.81,0.88,0.6,5,0.42,4,Comfortable route,0.35,58.65,18.4852,73.8062
Chinchwad,0.73,0.35,0.9,5,0.98,5,Highly secure area,-0.76,29.05,18.6229,73.7842
Bibwewadi,0.73,0.2,0.42,0,0.83,5,Feels unsafe at night,0.6,70.4,18.4735,73.8647
Nigdi,0.21,0.17,0.46,6,0.41,1,Comfortable route,0.34,65.65,18.6429,73.7585
Bhosari,0.25,0.41,0.34,3,0.69,2,Very safe route,0.28,74.95,18.6298,73.8446
Kharadi,0.68,0.86,0.11,4,0.32,4,Not recommended after 9pm,0.32,65.2,18.5515,73.9348
Warje,0.6,0.13,0.79,5,0.91,1,Good lighting and safe,-0.37,37.1,18.4852,73.8062
Chinchwad,0.8,0.39,0.89,5,0.4,4,Mostly safe locality,-0.69,39.4,18.6229,73.7842
Kondhwa,0.73,0.15,0.73,2,0.76,1,Crime prone area,0.64,64.75,18.4731,73.8944
Sinhagad Road,0.5,0.15,0.16,5,0.64,3,Risky area,-0.22,42.75,18.46,73.81
Shivajinagar,0.4,0.56,0.59,4,0.47,4,Good lighting and safe,0.71,79.55,18.5314,73.8446
Hinjewadi,0.28,0.9,0.33,4,0.37,5,Highly secure area,0.66,88.1,18.5913,73.7389
Warje,0.3,0.48,0.88,4,0.14,5,Highly secure area,-0.03,80.75,18.4852,73.8062
Sinhagad Road,0.34,0.6,0.26,6,0.39,1,Not recommended after 9pm,-0.01,60.05,18.46,73.81
Sinhagad Road,0.73,0.19,0.56,6,0.7,4,Mostly safe locality,0.87,48.3,18.46,73.81
Deccan,0.49,0.45,0.61,4,0.66,4,Not recommended after 9pm,0.71,70.7,18.5173,73.8413
Wakad,0.21,0.27,0.12,3,0.99,2,Not recommended after 9pm,-0.05,61.3,18.5987,73.7656
Aundh,0.81,0.85,0.29,6,0.57,5,Risky area,0.08,43.05,18.558,73.8075
Akurdi,0.94,0.25,0.33,6,0.8,5,Not recommended after 9pm,-0.8,11.45,18.6498,73.7711
Hadapsar,0.58,0.22,0.22,6,0.95,2,Crime prone area,0.47,40.35,18.5089,73.9259
Magarpatta,0.75,0.31,0.9,4,0.22,5,Comfortable route,-0.54,51.15,18.5136,73.9213
Bhosari,0.79,0.86,0.66,0,0.29,4,Comfortable route,0.84,94.7,18.6298,73.8446
Yerwada,0.47,0.75,0.41,5,0.55,3,Crowded but manageable,0.6,69.55,18.5538,73.8826
Dhayari,0.48,0.58,0.8,3,0.25,4,Comfortable route,-0.83,65.05,18.4411,73.8058
Akurdi,0.73,0.58,0.23,4,0.67,3,Good lighting and safe,-0.71,37.75,18.6498,73.7711
NIBM,0.76,0.94,0.34,1,0.52,3,Risky area,-0.04,71.1,18.48,73.89
Aundh,0.88,0.56,0.93,0,0.48,1,Very safe route,-0.47,65.85,18.558,73.8075
Baner,0.8,0.72,0.94,3,0.91,1,Crime prone area,0.79,66.85,18.559,73.7787
Deccan,0.33,0.15,0.82,6,0.57,2,Not recommended after 9pm,-0.03,55.4,18.5173,73.8413
Aundh,0.42,0.4,0.94,4,0.98,3,Crime prone area,-0.77,47.45,18.558,73.8075
Kothrud,0.86,0.26,0.47,0,0.47,1,Crowded but manageable,-0.26,60.9,18.5074,73.8077
Warje,0.15,0.56,0.34,4,0.47,4,Good lighting and safe,-0.44,69.8,18.4852,73.8062
Pashan,0.32,0.84,0.51,4,0.95,1,Highly secure area,0.84,78.5,18.5397,73.7932
Baner,0.41,0.15,0.63,3,0.21,5,Not recommended after 9pm,-0.11,71.3,18.559,73.7787
Viman Nagar,0.56,0.93,0.5,3,0.15,1,Comfortable route,-0.5,71.05,18.5679,73.9143
Bhosari,0.81,0.69,0.27,5,0.45,2,Crime prone area,-0.29,42.3,18.6298,73.8446
Aundh,0.81,0.48,0.74,2,0.69,3,Crowded but manageable,-0.54,50.3,18.558,73.8075
Kothrud,0.54,0.66,0.37,1,0.21,4,Feels unsafe at night,0.67,92.85,18.5074,73.8077
Wakad,0.53,0.62,0.67,2,0.46,4,Good lighting and safe,0.16,78.0,18.5987,73.7656
Pimpri,0.29,0.33,0.18,5,0.24,4,Risky area,0.39,71.2,18.6262,73.8118
Camp,0.34,0.94,0.36,2,0.69,2,Comfortable route,-0.33,75.35,18.5204,73.8787
Yerwada,0.13,0.52,0.8,0,0.32,1,Feels unsafe at night,0.41,100.0,18.5538,73.8826
Shivajinagar,0.71,0.59,0.64,4,0.68,3,Crime prone area,-0.02,52.95,18.5314,73.8446
Bhosari,0.86,0.26,0.3,6,0.98,2,Mostly safe locality,-0.35,17.65,18.6298,73.8446
Balewadi,0.39,0.82,0.48,3,0.42,4,Highly secure area,-0.2,75.1,18.576,73.7739
Balewadi,0.27,0.26,0.2,6,0.81,4,Crowded but manageable,-0.22,45.6,18.576,73.7739
Kondhwa,0.51,0.85,0.81,3,0.77,2,Feels unsafe at night,0.55,78.3,18.4731,73.8944
Wakad,0.29,0.82,0.37,6,0.62,3,Not recommended after 9pm,0.2,65.0,18.5987,73.7656
Wakad,0.24,0.25,0.14,6,0.68,2,Crowded but manageable,-0.79,40.1,18.5987,73.7656
Sus,0.14,0.71,0.14,1,0.6,2,Comfortable route,-0.54,81.35,18.5584,73.7423
Hinjewadi,0.3,0.94,0.76,4,0.77,3,Very safe route,-0.33,69.35,18.5913,73.7389
Nigdi,0.77,0.58,0.47,3,0.99,2,Not recommended after 9pm,-0.23,44.35,18.6429,73.7585
Chinchwad,0.83,0.2,0.37,1,0.76,4,Comfortable route,-0.03,52.85,18.6229,73.7842
Magarpatta,0.58,0.11,0.48,5,0.55,5,Comfortable route,-0.8,35.25,18.5136,73.9213
Sus,0.73,0.57,0.55,5,0.71,2,Highly secure area,-0.81,33.5,18.5584,73.7423
Chinchwad,0.38,0.53,0.85,6,0.36,3,Mostly safe locality,0.54,72.15,18.6229,73.7842
Chinchwad,0.33,0.76,0.44,1,0.24,2,Mostly safe locality,-0.12,91.0,18.6229,73.7842
Dhayari,0.92,0.82,0.94,1,0.81,2,Highly secure area,-0.43,57.25,18.4411,73.8058
Magarpatta,0.54,0.68,0.4,1,0.97,5,Crowded but manageable,0.55,76.45,18.5136,73.9213
Hadapsar,0.38,0.78,0.88,4,0.87,3,Comfortable route,-0.51,60.25,18.5089,73.9259
Nigdi,0.79,0.11,0.79,1,0.67,4,Very safe route,-0.6,50.55,18.6429,73.7585
Kondhwa,0.79,0.89,0.8,5,0.93,1,Feels unsafe at night,0.86,59.05,18.4731,73.8944
Deccan,0.69,0.26,0.89,0,0.49,5,Feels unsafe at night,-0.04,74.8,18.5173,73.8413
Dhayari,0.84,0.11,0.38,0,0.31,2,Very safe route,-0.28,61.45,18.4411,73.8058
Sinhagad Road,0.87,0.25,0.39,4,0.72,2,Mostly safe locality,0.18,41.15,18.46,73.81
Magarpatta,0.91,0.5,0.22,6,0.8,1,Comfortable route,-0.29,22.95,18.5136,73.9213
Kharadi,0.4,0.25,0.35,1,0.53,3,Comfortable route,-0.69,65.3,18.5515,73.9348
Chinchwad,0.51,0.88,0.18,3,0.59,3,Not recommended after 9pm,-0.63,58.35,18.6229,73.7842
Akurdi,0.66,0.27,0.82,5,0.33,5,Mostly safe locality,-0.79,42.4,18.6498,73.7711
Viman Nagar,0.48,0.93,0.55,5,0.82,1,Good lighting and safe,-0.06,57.95,18.5679,73.9143
Hadapsar,0.19,0.19,0.28,4,0.39,1,Good lighting and safe,0.41,76.4,18.5089,73.9259
Aundh,0.92,0.19,0.32,4,0.24,5,Feels unsafe at night,0.83,56.9,18.558,73.8075
Yerwada,0.44,0.38,0.29,4,0.87,2,Very safe route,0.66,63.5,18.5538,73.8826
Hadapsar,0.74,0.93,0.26,1,0.97,5,Very safe route,0.02,62.85,18.5089,73.9259
Kondhwa,0.44,0.27,0.92,5,0.85,2,Not recommended after 9pm,-0.59,44.8,18.4731,73.8944
Bibwewadi,0.54,0.87,0.73,1,0.32,1,Crowded but manageable,-0.68,77.15,18.4735,73.8647
Shivajinagar,0.4,0.86,0.54,2,0.72,3,Highly secure area,-0.03,77.45,18.5314,73.8446
Akurdi,0.41,0.63,0.28,2,0.9,5,Mostly safe locality,0.54,75.95,18.6498,73.7711
Shivajinagar,0.79,0.56,0.16,0,0.32,4,Highly secure area,0.48,79.2,18.5314,73.8446
Kothrud,0.75,0.76,0.29,5,0.75,3,Crime prone area,0.74,55.4,18.5074,73.8077
Balewadi,0.93,0.48,0.92,4,0.27,1,Good lighting and safe,-0.67,43.75,18.576,73.7739
Katraj,0.17,0.93,0.22,0,0.55,3,Not recommended after 9pm,0.15,100.0,18.4529,73.8554
Yerwada,0.19,0.84,0.58,3,0.69,4,Feels unsafe at night,0.08,83.2,18.5538,73.8826
Akurdi,0.14,0.91,0.56,2,0.45,1,Not recommended after 9pm,-0.04,94.05,18.6498,73.7711
Magarpatta,0.77,0.67,0.26,3,0.44,4,Crime prone area,-0.88,44.85,18.5136,73.9213
Warje,0.45,0.74,0.33,6,0.84,5,Comfortable route,0.62,58.9,18.4852,73.8062
Nigdi,0.13,0.49,0.94,4,0.9,4,Risky area,-0.89,60.2,18.6429,73.7585
Karve Nagar,0.94,0.34,0.83,6,0.98,4,Crowded but manageable,0.69,36.55,18.4912,73.8214
Warje,0.85,0.17,0.48,6,0.17,2,Highly secure area,0.73,50.9,18.4852,73.8062
Dhayari,0.59,0.37,0.94,3,0.62,1,Not recommended after 9pm,0.44,70.55,18.4411,73.8058
Camp,0.75,0.66,0.12,0,0.36,4,Risky area,0.14,76.0,18.5204,73.8787
Chinchwad,0.48,0.24,0.34,2,0.38,4,Good lighting and safe,0.29,74.55,18.6229,73.7842
Magarpatta,0.66,0.35,0.47,0,0.4,3,Risky area,0.04,76.15,18.5136,73.9213
Yerwada,0.8,0.7,0.27,6,0.3,2,Risky area,-0.09,43.85,18.5538,73.8826
Katraj,0.45,0.46,0.87,0,0.8,3,Good lighting and safe,-0.69,71.25,18.4529,73.8554
Yerwada,0.48,0.3,0.41,5,0.42,1,Risky area,-0.01,55.85,18.5538,73.8826
Baner,0.75,0.52,0.24,5,0.15,2,Crime prone area,0.66,62.1,18.559,73.7787
Hadapsar,0.41,0.52,0.6,2,0.53,3,Comfortable route,0.08,78.0,18.5089,73.9259
Chinchwad,0.85,0.6,0.91,5,0.58,1,Very safe route,-0.68,37.3,18.6229,73.7842
Balewadi,0.22,0.34,0.81,1,0.89,3,Good lighting and safe,-0.32,76.8,18.576,73.7739
Hinjewadi,0.27,0.9,0.3,2,0.47,3,Very safe route,-0.36,80.9,18.5913,73.7389
Bibwewadi,0.35,0.48,0.88,3,0.17,5,Mostly safe locality,-0.77,72.05,18.4735,73.8647
Dhayari,0.2,0.88,0.23,4,0.59,4,Good lighting and safe,-0.71,65.05,18.4411,73.8058
Kharadi,0.93,0.49,0.37,6,0.71,4,Crime prone area,0.64,39.25,18.5515,73.9348
Baner,0.88,0.4,0.82,0,0.86,4,Comfortable route,0.09,63.15,18.559,73.7787
Karve Nagar,0.36,0.6,0.13,0,0.64,4,Feels unsafe at night,-0.23,79.65,18.4912,73.8214
Akurdi,0.27,0.71,0.31,4,0.54,2,Highly secure area,-0.21,69.0,18.6498,73.7711
Sinhagad Road,0.86,0.61,0.3,3,0.66,3,Crime prone area,0.06,50.45,18.46,73.81
Viman Nagar,0.92,0.88,0.73,4,0.73,2,Good lighting and safe,-0.02,48.8,18.5679,73.9143
Pimpri,0.19,0.48,0.94,5,0.44,1,Crowded but manageable,-0.79,63.35,18.6262,73.8118
Nigdi,0.38,0.9,0.8,3,0.11,5,Very safe route,0.2,92.1,18.6429,73.7585
Hadapsar,0.9,0.23,0.34,3,0.18,3,Very safe route,0.11,53.9,18.5089,73.9259
Pashan,0.66,0.3,0.89,5,0.31,2,Very safe route,0.7,66.3,18.5397,73.7932
Chinchwad,0.38,0.78,0.34,3,0.31,3,Feels unsafe at night,-0.2,75.7,18.6229,73.7842
Chinchwad,0.44,0.52,0.94,3,0.62,3,Crowded but manageable,0.11,73.85,18.6229,73.7842
Kothrud,0.91,0.13,0.81,3,0.2,5,Crowded but manageable,0.22,57.95,18.5074,73.8077
Bhosari,0.8,0.43,0.44,2,0.41,3,Good lighting and safe,-0.2,57.65,18.6298,73.8446
Chinchwad,0.58,0.14,0.8,4,0.93,1,Crowded but manageable,0.22,51.6,18.6229,73.7842
Aundh,0.9,0.23,0.58,6,0.4,2,Feels unsafe at night,0.1,36.75,18.558,73.8075
Hinjewadi,0.88,0.47,0.34,3,0.52,3,Comfortable route,-0.88,36.65,18.5913,73.7389
Hinjewadi,0.77,0.61,0.88,3,0.14,1,Highly secure area,-0.19,66.5,18.5913,73.7389
Warje,0.51,0.71,0.5,4,0.94,3,Good lighting and safe,-0.69,46.1,18.4852,73.8062
Magarpatta,0.15,0.54,0.11,1,0.44,4,Good lighting and safe,0.89,100.0,18.5136,73.9213
Bibwewadi,0.21,0.52,0.67,5,0.43,5,Crowded but manageable,-0.62,63.2,18.4735,73.8647
Wakad,0.52,0.36,0.5,1,0.85,3,Feels unsafe at night,0.65,77.35,18.5987,73.7656
Hadapsar,0.8,0.39,0.76,3,0.32,3,Crowded but manageable,0.09,61.4,18.5089,73.9259
Warje,0.21,0.48,0.3,4,0.74,3,Mostly safe locality,-0.44,60.4,18.4852,73.8062
Pimpri,0.71,0.12,0.53,2,0.63,4,Feels unsafe at night,0.23,59.55,18.6262,73.8118
Camp,0.66,0.23,0.56,2,0.5,5,Feels unsafe at night,-0.84,50.05,18.5204,73.8787
Wakad,0.65,0.35,0.42,0,0.94,3,Highly secure area,-0.36,59.25,18.5987,73.7656
Baner,0.24,0.66,0.46,4,0.38,3,Crowded but manageable,0.83,89.75,18.559,73.7787
Viman Nagar,0.1,0.41,0.18,6,0.75,5,Very safe route,0.14,61.05,18.5679,73.9143
Dhayari,0.85,0.52,0.34,3,0.85,3,Mostly safe locality,-0.09,43.85,18.4411,73.8058
Pashan,0.13,0.7,0.77,4,0.27,1,Highly secure area,0.22,90.9,18.5397,73.7932
Kondhwa,0.16,0.88,0.91,1,0.31,4,Feels unsafe at night,0.14,100.0,18.4731,73.8944
Bibwewadi,0.44,0.72,0.47,1,0.39,3,Highly secure area,-0.73,74.15,18.4735,73.8647
Nigdi,0.49,0.94,0.83,2,0.17,2,Highly secure area,-0.8,77.4,18.6429,73.7585
Pashan,0.35,0.73,0.93,3,0.19,5,Crime prone area,0.16,89.85,18.5397,73.7932
Akurdi,0.12,0.75,0.11,0,0.48,4,Comfortable route,0.5,100.0,18.6498,73.7711
Kothrud,0.48,0.95,0.7,6,0.55,4,Risky area,-0.84,48.45,18.5074,73.8077
Warje,0.49,0.2,0.83,1,0.36,2,Crowded but manageable,0.23,82.95,18.4852,73.8062
Camp,0.71,0.49,0.94,0,0.28,3,Mostly safe locality,-0.62,73.45,18.5204,73.8787
Pimpri,0.37,0.11,0.66,5,0.92,1,Not recommended after 9pm,-0.88,36.85,18.6262,73.8118
Hadapsar,0.64,0.79,0.59,2,0.6,4,Crowded but manageable,-0.89,56.8,18.5089,73.9259
Warje,0.19,0.34,0.4,1,0.66,4,Feels unsafe at night,0.78,95.0,18.4852,73.8062
Yerwada,0.42,0.69,0.61,6,0.61,1,Very safe route,0.21,60.6,18.5538,73.8826
Kothrud,0.75,0.57,0.37,0,0.65,3,Risky area,-0.11,67.6,18.5074,73.8077
Yerwada,0.2,0.51,0.72,0,0.74,4,Feels unsafe at night,-0.0,92.05,18.5538,73.8826
Bibwewadi,0.11,0.29,0.95,2,0.75,5,Feels unsafe at night,0.02,84.75,18.4735,73.8647
Katraj,0.56,0.58,0.52,1,0.16,5,Risky area,0.43,89.75,18.4529,73.8554
Sus,0.24,0.7,0.36,3,0.57,2,Very safe route,-0.57,69.55,18.5584,73.7423
Camp,0.36,0.1,0.56,6,0.4,2,Very safe route,0.67,64.75,18.5204,73.8787
Sus,0.13,0.74,0.45,6,0.44,5,Feels unsafe at night,0.39,77.45,18.5584,73.7423
Viman Nagar,0.86,0.44,0.23,0,0.59,1,Risky area,0.3,67.2,18.5679,73.9143
Balewadi,0.76,0.92,0.95,5,0.5,5,Not recommended after 9pm,-0.03,57.45,18.576,73.7739
